config_id,monitor_band,touch_band,outcome_strikes,level_types,score,error
1,2.5,1.0,2,"PM_HIGH,PM_LOW",0.0,run_grid_search.<locals>.MockTrial.suggest_int() got an unexpected keyword argument 'step'
2,2.5,1.0,2,"OR_HIGH,OR_LOW",0.0,run_grid_search.<locals>.MockTrial.suggest_int() got an unexpected keyword argument 'step'
3,2.5,1.0,2,"SMA_200,SMA_400",0.0,run_grid_search.<locals>.MockTrial.suggest_int() got an unexpected keyword argument 'step'
4,2.5,1.0,2,"PM_HIGH,PM_LOW,OR_HIGH,OR_LOW",0.0,run_grid_search.<locals>.MockTrial.suggest_int() got an unexpected keyword argument 'step'
5,2.5,1.0,2,"PM_HIGH,PM_LOW,SMA_200,SMA_400",0.0,run_grid_search.<locals>.MockTrial.suggest_int() got an unexpected keyword argument 'step'
6,2.5,1.0,2,"PM_HIGH,PM_LOW,OR_HIGH,OR_LOW,SMA_200,SMA_400",0.0,run_grid_search.<locals>.MockTrial.suggest_int() got an unexpected keyword argument 'step'
7,2.5,1.0,3,"PM_HIGH,PM_LOW",0.0,run_grid_search.<locals>.MockTrial.suggest_int() got an unexpected keyword argument 'step'
8,2.5,1.0,3,"OR_HIGH,OR_LOW",0.0,run_grid_search.<locals>.MockTrial.suggest_int() got an unexpected keyword argument 'step'
9,2.5,1.0,3,"SMA_200,SMA_400",0.0,run_grid_search.<locals>.MockTrial.suggest_int() got an unexpected keyword argument 'step'
10,2.5,1.0,3,"PM_HIGH,PM_LOW,OR_HIGH,OR_LOW",0.0,run_grid_search.<locals>.MockTrial.suggest_int() got an unexpected keyword argument 'step'
11,2.5,1.0,3,"PM_HIGH,PM_LOW,SMA_200,SMA_400",0.0,run_grid_search.<locals>.MockTrial.suggest_int() got an unexpected keyword argument 'step'
12,2.5,1.0,3,"PM_HIGH,PM_LOW,OR_HIGH,OR_LOW,SMA_200,SMA_400",0.0,run_grid_search.<locals>.MockTrial.suggest_int() got an unexpected keyword argument 'step'
13,2.5,1.0,4,"PM_HIGH,PM_LOW",0.0,run_grid_search.<locals>.MockTrial.suggest_int() got an unexpected keyword argument 'step'
14,2.5,1.0,4,"OR_HIGH,OR_LOW",0.0,run_grid_search.<locals>.MockTrial.suggest_int() got an unexpected keyword argument 'step'
15,2.5,1.0,4,"SMA_200,SMA_400",0.0,run_grid_search.<locals>.MockTrial.suggest_int() got an unexpected keyword argument 'step'
16,2.5,1.0,4,"PM_HIGH,PM_LOW,OR_HIGH,OR_LOW",0.0,run_grid_search.<locals>.MockTrial.suggest_int() got an unexpected keyword argument 'step'
17,2.5,1.0,4,"PM_HIGH,PM_LOW,SMA_200,SMA_400",0.0,run_grid_search.<locals>.MockTrial.suggest_int() got an unexpected keyword argument 'step'
18,2.5,1.0,4,"PM_HIGH,PM_LOW,OR_HIGH,OR_LOW,SMA_200,SMA_400",0.0,run_grid_search.<locals>.MockTrial.suggest_int() got an unexpected keyword argument 'step'
19,2.5,2.0,2,"PM_HIGH,PM_LOW",0.0,run_grid_search.<locals>.MockTrial.suggest_int() got an unexpected keyword argument 'step'
20,2.5,2.0,2,"OR_HIGH,OR_LOW",0.0,run_grid_search.<locals>.MockTrial.suggest_int() got an unexpected keyword argument 'step'
21,2.5,2.0,2,"SMA_200,SMA_400",0.0,run_grid_search.<locals>.MockTrial.suggest_int() got an unexpected keyword argument 'step'
22,2.5,2.0,2,"PM_HIGH,PM_LOW,OR_HIGH,OR_LOW",0.0,run_grid_search.<locals>.MockTrial.suggest_int() got an unexpected keyword argument 'step'
23,2.5,2.0,2,"PM_HIGH,PM_LOW,SMA_200,SMA_400",0.0,run_grid_search.<locals>.MockTrial.suggest_int() got an unexpected keyword argument 'step'
24,2.5,2.0,2,"PM_HIGH,PM_LOW,OR_HIGH,OR_LOW,SMA_200,SMA_400",0.0,run_grid_search.<locals>.MockTrial.suggest_int() got an unexpected keyword argument 'step'
25,2.5,2.0,3,"PM_HIGH,PM_LOW",0.0,run_grid_search.<locals>.MockTrial.suggest_int() got an unexpected keyword argument 'step'
26,2.5,2.0,3,"OR_HIGH,OR_LOW",0.0,run_grid_search.<locals>.MockTrial.suggest_int() got an unexpected keyword argument 'step'
27,2.5,2.0,3,"SMA_200,SMA_400",0.0,run_grid_search.<locals>.MockTrial.suggest_int() got an unexpected keyword argument 'step'
28,2.5,2.0,3,"PM_HIGH,PM_LOW,OR_HIGH,OR_LOW",0.0,run_grid_search.<locals>.MockTrial.suggest_int() got an unexpected keyword argument 'step'
29,2.5,2.0,3,"PM_HIGH,PM_LOW,SMA_200,SMA_400",0.0,run_grid_search.<locals>.MockTrial.suggest_int() got an unexpected keyword argument 'step'
30,2.5,2.0,3,"PM_HIGH,PM_LOW,OR_HIGH,OR_LOW,SMA_200,SMA_400",0.0,run_grid_search.<locals>.MockTrial.suggest_int() got an unexpected keyword argument 'step'
31,2.5,2.0,4,"PM_HIGH,PM_LOW",0.0,run_grid_search.<locals>.MockTrial.suggest_int() got an unexpected keyword argument 'step'
32,2.5,2.0,4,"OR_HIGH,OR_LOW",0.0,run_grid_search.<locals>.MockTrial.suggest_int() got an unexpected keyword argument 'step'
33,2.5,2.0,4,"SMA_200,SMA_400",0.0,run_grid_search.<locals>.MockTrial.suggest_int() got an unexpected keyword argument 'step'
34,2.5,2.0,4,"PM_HIGH,PM_LOW,OR_HIGH,OR_LOW",0.0,run_grid_search.<locals>.MockTrial.suggest_int() got an unexpected keyword argument 'step'
35,2.5,2.0,4,"PM_HIGH,PM_LOW,SMA_200,SMA_400",0.0,run_grid_search.<locals>.MockTrial.suggest_int() got an unexpected keyword argument 'step'
36,2.5,2.0,4,"PM_HIGH,PM_LOW,OR_HIGH,OR_LOW,SMA_200,SMA_400",0.0,run_grid_search.<locals>.MockTrial.suggest_int() got an unexpected keyword argument 'step'
37,2.5,3.0,2,"PM_HIGH,PM_LOW",0.0,run_grid_search.<locals>.MockTrial.suggest_int() got an unexpected keyword argument 'step'
38,2.5,3.0,2,"OR_HIGH,OR_LOW",0.0,run_grid_search.<locals>.MockTrial.suggest_int() got an unexpected keyword argument 'step'
39,2.5,3.0,2,"SMA_200,SMA_400",0.0,run_grid_search.<locals>.MockTrial.suggest_int() got an unexpected keyword argument 'step'
40,2.5,3.0,2,"PM_HIGH,PM_LOW,OR_HIGH,OR_LOW",0.0,run_grid_search.<locals>.MockTrial.suggest_int() got an unexpected keyword argument 'step'
41,2.5,3.0,2,"PM_HIGH,PM_LOW,SMA_200,SMA_400",0.0,run_grid_search.<locals>.MockTrial.suggest_int() got an unexpected keyword argument 'step'
42,2.5,3.0,2,"PM_HIGH,PM_LOW,OR_HIGH,OR_LOW,SMA_200,SMA_400",0.0,run_grid_search.<locals>.MockTrial.suggest_int() got an unexpected keyword argument 'step'
43,2.5,3.0,3,"PM_HIGH,PM_LOW",0.0,run_grid_search.<locals>.MockTrial.suggest_int() got an unexpected keyword argument 'step'
44,2.5,3.0,3,"OR_HIGH,OR_LOW",0.0,run_grid_search.<locals>.MockTrial.suggest_int() got an unexpected keyword argument 'step'
45,2.5,3.0,3,"SMA_200,SMA_400",0.0,run_grid_search.<locals>.MockTrial.suggest_int() got an unexpected keyword argument 'step'
46,2.5,3.0,3,"PM_HIGH,PM_LOW,OR_HIGH,OR_LOW",0.0,run_grid_search.<locals>.MockTrial.suggest_int() got an unexpected keyword argument 'step'
47,2.5,3.0,3,"PM_HIGH,PM_LOW,SMA_200,SMA_400",0.0,run_grid_search.<locals>.MockTrial.suggest_int() got an unexpected keyword argument 'step'
48,2.5,3.0,3,"PM_HIGH,PM_LOW,OR_HIGH,OR_LOW,SMA_200,SMA_400",0.0,run_grid_search.<locals>.MockTrial.suggest_int() got an unexpected keyword argument 'step'
49,2.5,3.0,4,"PM_HIGH,PM_LOW",0.0,run_grid_search.<locals>.MockTrial.suggest_int() got an unexpected keyword argument 'step'
50,2.5,3.0,4,"OR_HIGH,OR_LOW",0.0,run_grid_search.<locals>.MockTrial.suggest_int() got an unexpected keyword argument 'step'
51,2.5,3.0,4,"SMA_200,SMA_400",0.0,run_grid_search.<locals>.MockTrial.suggest_int() got an unexpected keyword argument 'step'
52,2.5,3.0,4,"PM_HIGH,PM_LOW,OR_HIGH,OR_LOW",0.0,run_grid_search.<locals>.MockTrial.suggest_int() got an unexpected keyword argument 'step'
53,2.5,3.0,4,"PM_HIGH,PM_LOW,SMA_200,SMA_400",0.0,run_grid_search.<locals>.MockTrial.suggest_int() got an unexpected keyword argument 'step'
54,2.5,3.0,4,"PM_HIGH,PM_LOW,OR_HIGH,OR_LOW,SMA_200,SMA_400",0.0,run_grid_search.<locals>.MockTrial.suggest_int() got an unexpected keyword argument 'step'
55,2.5,5.0,2,"PM_HIGH,PM_LOW",0.0,run_grid_search.<locals>.MockTrial.suggest_int() got an unexpected keyword argument 'step'
56,2.5,5.0,2,"OR_HIGH,OR_LOW",0.0,run_grid_search.<locals>.MockTrial.suggest_int() got an unexpected keyword argument 'step'
57,2.5,5.0,2,"SMA_200,SMA_400",0.0,run_grid_search.<locals>.MockTrial.suggest_int() got an unexpected keyword argument 'step'
58,2.5,5.0,2,"PM_HIGH,PM_LOW,OR_HIGH,OR_LOW",0.0,run_grid_search.<locals>.MockTrial.suggest_int() got an unexpected keyword argument 'step'
59,2.5,5.0,2,"PM_HIGH,PM_LOW,SMA_200,SMA_400",0.0,run_grid_search.<locals>.MockTrial.suggest_int() got an unexpected keyword argument 'step'
60,2.5,5.0,2,"PM_HIGH,PM_LOW,OR_HIGH,OR_LOW,SMA_200,SMA_400",0.0,run_grid_search.<locals>.MockTrial.suggest_int() got an unexpected keyword argument 'step'
61,2.5,5.0,3,"PM_HIGH,PM_LOW",0.0,run_grid_search.<locals>.MockTrial.suggest_int() got an unexpected keyword argument 'step'
62,2.5,5.0,3,"OR_HIGH,OR_LOW",0.0,run_grid_search.<locals>.MockTrial.suggest_int() got an unexpected keyword argument 'step'
63,2.5,5.0,3,"SMA_200,SMA_400",0.0,run_grid_search.<locals>.MockTrial.suggest_int() got an unexpected keyword argument 'step'
64,2.5,5.0,3,"PM_HIGH,PM_LOW,OR_HIGH,OR_LOW",0.0,run_grid_search.<locals>.MockTrial.suggest_int() got an unexpected keyword argument 'step'
65,2.5,5.0,3,"PM_HIGH,PM_LOW,SMA_200,SMA_400",0.0,run_grid_search.<locals>.MockTrial.suggest_int() got an unexpected keyword argument 'step'
66,2.5,5.0,3,"PM_HIGH,PM_LOW,OR_HIGH,OR_LOW,SMA_200,SMA_400",0.0,run_grid_search.<locals>.MockTrial.suggest_int() got an unexpected keyword argument 'step'
67,2.5,5.0,4,"PM_HIGH,PM_LOW",0.0,run_grid_search.<locals>.MockTrial.suggest_int() got an unexpected keyword argument 'step'
68,2.5,5.0,4,"OR_HIGH,OR_LOW",0.0,run_grid_search.<locals>.MockTrial.suggest_int() got an unexpected keyword argument 'step'
69,2.5,5.0,4,"SMA_200,SMA_400",0.0,run_grid_search.<locals>.MockTrial.suggest_int() got an unexpected keyword argument 'step'
70,2.5,5.0,4,"PM_HIGH,PM_LOW,OR_HIGH,OR_LOW",0.0,run_grid_search.<locals>.MockTrial.suggest_int() got an unexpected keyword argument 'step'
71,2.5,5.0,4,"PM_HIGH,PM_LOW,SMA_200,SMA_400",0.0,run_grid_search.<locals>.MockTrial.suggest_int() got an unexpected keyword argument 'step'
72,2.5,5.0,4,"PM_HIGH,PM_LOW,OR_HIGH,OR_LOW,SMA_200,SMA_400",0.0,run_grid_search.<locals>.MockTrial.suggest_int() got an unexpected keyword argument 'step'
73,5.0,1.0,2,"PM_HIGH,PM_LOW",0.0,run_grid_search.<locals>.MockTrial.suggest_int() got an unexpected keyword argument 'step'
74,5.0,1.0,2,"OR_HIGH,OR_LOW",0.0,run_grid_search.<locals>.MockTrial.suggest_int() got an unexpected keyword argument 'step'
75,5.0,1.0,2,"SMA_200,SMA_400",0.0,run_grid_search.<locals>.MockTrial.suggest_int() got an unexpected keyword argument 'step'
76,5.0,1.0,2,"PM_HIGH,PM_LOW,OR_HIGH,OR_LOW",0.0,run_grid_search.<locals>.MockTrial.suggest_int() got an unexpected keyword argument 'step'
77,5.0,1.0,2,"PM_HIGH,PM_LOW,SMA_200,SMA_400",0.0,run_grid_search.<locals>.MockTrial.suggest_int() got an unexpected keyword argument 'step'
78,5.0,1.0,2,"PM_HIGH,PM_LOW,OR_HIGH,OR_LOW,SMA_200,SMA_400",0.0,run_grid_search.<locals>.MockTrial.suggest_int() got an unexpected keyword argument 'step'
79,5.0,1.0,3,"PM_HIGH,PM_LOW",0.0,run_grid_search.<locals>.MockTrial.suggest_int() got an unexpected keyword argument 'step'
80,5.0,1.0,3,"OR_HIGH,OR_LOW",0.0,run_grid_search.<locals>.MockTrial.suggest_int() got an unexpected keyword argument 'step'
81,5.0,1.0,3,"SMA_200,SMA_400",0.0,run_grid_search.<locals>.MockTrial.suggest_int() got an unexpected keyword argument 'step'
82,5.0,1.0,3,"PM_HIGH,PM_LOW,OR_HIGH,OR_LOW",0.0,run_grid_search.<locals>.MockTrial.suggest_int() got an unexpected keyword argument 'step'
83,5.0,1.0,3,"PM_HIGH,PM_LOW,SMA_200,SMA_400",0.0,run_grid_search.<locals>.MockTrial.suggest_int() got an unexpected keyword argument 'step'
84,5.0,1.0,3,"PM_HIGH,PM_LOW,OR_HIGH,OR_LOW,SMA_200,SMA_400",0.0,run_grid_search.<locals>.MockTrial.suggest_int() got an unexpected keyword argument 'step'
85,5.0,1.0,4,"PM_HIGH,PM_LOW",0.0,run_grid_search.<locals>.MockTrial.suggest_int() got an unexpected keyword argument 'step'
86,5.0,1.0,4,"OR_HIGH,OR_LOW",0.0,run_grid_search.<locals>.MockTrial.suggest_int() got an unexpected keyword argument 'step'
87,5.0,1.0,4,"SMA_200,SMA_400",0.0,run_grid_search.<locals>.MockTrial.suggest_int() got an unexpected keyword argument 'step'
88,5.0,1.0,4,"PM_HIGH,PM_LOW,OR_HIGH,OR_LOW",0.0,run_grid_search.<locals>.MockTrial.suggest_int() got an unexpected keyword argument 'step'
89,5.0,1.0,4,"PM_HIGH,PM_LOW,SMA_200,SMA_400",0.0,run_grid_search.<locals>.MockTrial.suggest_int() got an unexpected keyword argument 'step'
90,5.0,1.0,4,"PM_HIGH,PM_LOW,OR_HIGH,OR_LOW,SMA_200,SMA_400",0.0,run_grid_search.<locals>.MockTrial.suggest_int() got an unexpected keyword argument 'step'
91,5.0,2.0,2,"PM_HIGH,PM_LOW",0.0,run_grid_search.<locals>.MockTrial.suggest_int() got an unexpected keyword argument 'step'
92,5.0,2.0,2,"OR_HIGH,OR_LOW",0.0,run_grid_search.<locals>.MockTrial.suggest_int() got an unexpected keyword argument 'step'
93,5.0,2.0,2,"SMA_200,SMA_400",0.0,run_grid_search.<locals>.MockTrial.suggest_int() got an unexpected keyword argument 'step'
94,5.0,2.0,2,"PM_HIGH,PM_LOW,OR_HIGH,OR_LOW",0.0,run_grid_search.<locals>.MockTrial.suggest_int() got an unexpected keyword argument 'step'
95,5.0,2.0,2,"PM_HIGH,PM_LOW,SMA_200,SMA_400",0.0,run_grid_search.<locals>.MockTrial.suggest_int() got an unexpected keyword argument 'step'
96,5.0,2.0,2,"PM_HIGH,PM_LOW,OR_HIGH,OR_LOW,SMA_200,SMA_400",0.0,run_grid_search.<locals>.MockTrial.suggest_int() got an unexpected keyword argument 'step'
97,5.0,2.0,3,"PM_HIGH,PM_LOW",0.0,run_grid_search.<locals>.MockTrial.suggest_int() got an unexpected keyword argument 'step'
98,5.0,2.0,3,"OR_HIGH,OR_LOW",0.0,run_grid_search.<locals>.MockTrial.suggest_int() got an unexpected keyword argument 'step'
99,5.0,2.0,3,"SMA_200,SMA_400",0.0,run_grid_search.<locals>.MockTrial.suggest_int() got an unexpected keyword argument 'step'
100,5.0,2.0,3,"PM_HIGH,PM_LOW,OR_HIGH,OR_LOW",0.0,run_grid_search.<locals>.MockTrial.suggest_int() got an unexpected keyword argument 'step'
101,5.0,2.0,3,"PM_HIGH,PM_LOW,SMA_200,SMA_400",0.0,run_grid_search.<locals>.MockTrial.suggest_int() got an unexpected keyword argument 'step'
102,5.0,2.0,3,"PM_HIGH,PM_LOW,OR_HIGH,OR_LOW,SMA_200,SMA_400",0.0,run_grid_search.<locals>.MockTrial.suggest_int() got an unexpected keyword argument 'step'
103,5.0,2.0,4,"PM_HIGH,PM_LOW",0.0,run_grid_search.<locals>.MockTrial.suggest_int() got an unexpected keyword argument 'step'
104,5.0,2.0,4,"OR_HIGH,OR_LOW",0.0,run_grid_search.<locals>.MockTrial.suggest_int() got an unexpected keyword argument 'step'
105,5.0,2.0,4,"SMA_200,SMA_400",0.0,run_grid_search.<locals>.MockTrial.suggest_int() got an unexpected keyword argument 'step'
106,5.0,2.0,4,"PM_HIGH,PM_LOW,OR_HIGH,OR_LOW",0.0,run_grid_search.<locals>.MockTrial.suggest_int() got an unexpected keyword argument 'step'
107,5.0,2.0,4,"PM_HIGH,PM_LOW,SMA_200,SMA_400",0.0,run_grid_search.<locals>.MockTrial.suggest_int() got an unexpected keyword argument 'step'
108,5.0,2.0,4,"PM_HIGH,PM_LOW,OR_HIGH,OR_LOW,SMA_200,SMA_400",0.0,run_grid_search.<locals>.MockTrial.suggest_int() got an unexpected keyword argument 'step'
109,5.0,3.0,2,"PM_HIGH,PM_LOW",0.0,run_grid_search.<locals>.MockTrial.suggest_int() got an unexpected keyword argument 'step'
110,5.0,3.0,2,"OR_HIGH,OR_LOW",0.0,run_grid_search.<locals>.MockTrial.suggest_int() got an unexpected keyword argument 'step'
111,5.0,3.0,2,"SMA_200,SMA_400",0.0,run_grid_search.<locals>.MockTrial.suggest_int() got an unexpected keyword argument 'step'
112,5.0,3.0,2,"PM_HIGH,PM_LOW,OR_HIGH,OR_LOW",0.0,run_grid_search.<locals>.MockTrial.suggest_int() got an unexpected keyword argument 'step'
113,5.0,3.0,2,"PM_HIGH,PM_LOW,SMA_200,SMA_400",0.0,run_grid_search.<locals>.MockTrial.suggest_int() got an unexpected keyword argument 'step'
114,5.0,3.0,2,"PM_HIGH,PM_LOW,OR_HIGH,OR_LOW,SMA_200,SMA_400",0.0,run_grid_search.<locals>.MockTrial.suggest_int() got an unexpected keyword argument 'step'
115,5.0,3.0,3,"PM_HIGH,PM_LOW",0.0,run_grid_search.<locals>.MockTrial.suggest_int() got an unexpected keyword argument 'step'
116,5.0,3.0,3,"OR_HIGH,OR_LOW",0.0,run_grid_search.<locals>.MockTrial.suggest_int() got an unexpected keyword argument 'step'
117,5.0,3.0,3,"SMA_200,SMA_400",0.0,run_grid_search.<locals>.MockTrial.suggest_int() got an unexpected keyword argument 'step'
118,5.0,3.0,3,"PM_HIGH,PM_LOW,OR_HIGH,OR_LOW",0.0,run_grid_search.<locals>.MockTrial.suggest_int() got an unexpected keyword argument 'step'
119,5.0,3.0,3,"PM_HIGH,PM_LOW,SMA_200,SMA_400",0.0,run_grid_search.<locals>.MockTrial.suggest_int() got an unexpected keyword argument 'step'
120,5.0,3.0,3,"PM_HIGH,PM_LOW,OR_HIGH,OR_LOW,SMA_200,SMA_400",0.0,run_grid_search.<locals>.MockTrial.suggest_int() got an unexpected keyword argument 'step'
121,5.0,3.0,4,"PM_HIGH,PM_LOW",0.0,run_grid_search.<locals>.MockTrial.suggest_int() got an unexpected keyword argument 'step'
122,5.0,3.0,4,"OR_HIGH,OR_LOW",0.0,run_grid_search.<locals>.MockTrial.suggest_int() got an unexpected keyword argument 'step'
123,5.0,3.0,4,"SMA_200,SMA_400",0.0,run_grid_search.<locals>.MockTrial.suggest_int() got an unexpected keyword argument 'step'
124,5.0,3.0,4,"PM_HIGH,PM_LOW,OR_HIGH,OR_LOW",0.0,run_grid_search.<locals>.MockTrial.suggest_int() got an unexpected keyword argument 'step'
125,5.0,3.0,4,"PM_HIGH,PM_LOW,SMA_200,SMA_400",0.0,run_grid_search.<locals>.MockTrial.suggest_int() got an unexpected keyword argument 'step'
126,5.0,3.0,4,"PM_HIGH,PM_LOW,OR_HIGH,OR_LOW,SMA_200,SMA_400",0.0,run_grid_search.<locals>.MockTrial.suggest_int() got an unexpected keyword argument 'step'
127,5.0,5.0,2,"PM_HIGH,PM_LOW",0.0,run_grid_search.<locals>.MockTrial.suggest_int() got an unexpected keyword argument 'step'
128,5.0,5.0,2,"OR_HIGH,OR_LOW",0.0,run_grid_search.<locals>.MockTrial.suggest_int() got an unexpected keyword argument 'step'
129,5.0,5.0,2,"SMA_200,SMA_400",0.0,run_grid_search.<locals>.MockTrial.suggest_int() got an unexpected keyword argument 'step'
130,5.0,5.0,2,"PM_HIGH,PM_LOW,OR_HIGH,OR_LOW",0.0,run_grid_search.<locals>.MockTrial.suggest_int() got an unexpected keyword argument 'step'
131,5.0,5.0,2,"PM_HIGH,PM_LOW,SMA_200,SMA_400",0.0,run_grid_search.<locals>.MockTrial.suggest_int() got an unexpected keyword argument 'step'
132,5.0,5.0,2,"PM_HIGH,PM_LOW,OR_HIGH,OR_LOW,SMA_200,SMA_400",0.0,run_grid_search.<locals>.MockTrial.suggest_int() got an unexpected keyword argument 'step'
133,5.0,5.0,3,"PM_HIGH,PM_LOW",0.0,run_grid_search.<locals>.MockTrial.suggest_int() got an unexpected keyword argument 'step'
134,5.0,5.0,3,"OR_HIGH,OR_LOW",0.0,run_grid_search.<locals>.MockTrial.suggest_int() got an unexpected keyword argument 'step'
135,5.0,5.0,3,"SMA_200,SMA_400",0.0,run_grid_search.<locals>.MockTrial.suggest_int() got an unexpected keyword argument 'step'
136,5.0,5.0,3,"PM_HIGH,PM_LOW,OR_HIGH,OR_LOW",0.0,run_grid_search.<locals>.MockTrial.suggest_int() got an unexpected keyword argument 'step'
137,5.0,5.0,3,"PM_HIGH,PM_LOW,SMA_200,SMA_400",0.0,run_grid_search.<locals>.MockTrial.suggest_int() got an unexpected keyword argument 'step'
138,5.0,5.0,3,"PM_HIGH,PM_LOW,OR_HIGH,OR_LOW,SMA_200,SMA_400",0.0,run_grid_search.<locals>.MockTrial.suggest_int() got an unexpected keyword argument 'step'
139,5.0,5.0,4,"PM_HIGH,PM_LOW",0.0,run_grid_search.<locals>.MockTrial.suggest_int() got an unexpected keyword argument 'step'
140,5.0,5.0,4,"OR_HIGH,OR_LOW",0.0,run_grid_search.<locals>.MockTrial.suggest_int() got an unexpected keyword argument 'step'
141,5.0,5.0,4,"SMA_200,SMA_400",0.0,run_grid_search.<locals>.MockTrial.suggest_int() got an unexpected keyword argument 'step'
142,5.0,5.0,4,"PM_HIGH,PM_LOW,OR_HIGH,OR_LOW",0.0,run_grid_search.<locals>.MockTrial.suggest_int() got an unexpected keyword argument 'step'
143,5.0,5.0,4,"PM_HIGH,PM_LOW,SMA_200,SMA_400",0.0,run_grid_search.<locals>.MockTrial.suggest_int() got an unexpected keyword argument 'step'
144,5.0,5.0,4,"PM_HIGH,PM_LOW,OR_HIGH,OR_LOW,SMA_200,SMA_400",0.0,run_grid_search.<locals>.MockTrial.suggest_int() got an unexpected keyword argument 'step'
145,7.5,1.0,2,"PM_HIGH,PM_LOW",0.0,run_grid_search.<locals>.MockTrial.suggest_int() got an unexpected keyword argument 'step'
146,7.5,1.0,2,"OR_HIGH,OR_LOW",0.0,run_grid_search.<locals>.MockTrial.suggest_int() got an unexpected keyword argument 'step'
147,7.5,1.0,2,"SMA_200,SMA_400",0.0,run_grid_search.<locals>.MockTrial.suggest_int() got an unexpected keyword argument 'step'
148,7.5,1.0,2,"PM_HIGH,PM_LOW,OR_HIGH,OR_LOW",0.0,run_grid_search.<locals>.MockTrial.suggest_int() got an unexpected keyword argument 'step'
149,7.5,1.0,2,"PM_HIGH,PM_LOW,SMA_200,SMA_400",0.0,run_grid_search.<locals>.MockTrial.suggest_int() got an unexpected keyword argument 'step'
150,7.5,1.0,2,"PM_HIGH,PM_LOW,OR_HIGH,OR_LOW,SMA_200,SMA_400",0.0,run_grid_search.<locals>.MockTrial.suggest_int() got an unexpected keyword argument 'step'
151,7.5,1.0,3,"PM_HIGH,PM_LOW",0.0,run_grid_search.<locals>.MockTrial.suggest_int() got an unexpected keyword argument 'step'
152,7.5,1.0,3,"OR_HIGH,OR_LOW",0.0,run_grid_search.<locals>.MockTrial.suggest_int() got an unexpected keyword argument 'step'
153,7.5,1.0,3,"SMA_200,SMA_400",0.0,run_grid_search.<locals>.MockTrial.suggest_int() got an unexpected keyword argument 'step'
154,7.5,1.0,3,"PM_HIGH,PM_LOW,OR_HIGH,OR_LOW",0.0,run_grid_search.<locals>.MockTrial.suggest_int() got an unexpected keyword argument 'step'
155,7.5,1.0,3,"PM_HIGH,PM_LOW,SMA_200,SMA_400",0.0,run_grid_search.<locals>.MockTrial.suggest_int() got an unexpected keyword argument 'step'
156,7.5,1.0,3,"PM_HIGH,PM_LOW,OR_HIGH,OR_LOW,SMA_200,SMA_400",0.0,run_grid_search.<locals>.MockTrial.suggest_int() got an unexpected keyword argument 'step'
157,7.5,1.0,4,"PM_HIGH,PM_LOW",0.0,run_grid_search.<locals>.MockTrial.suggest_int() got an unexpected keyword argument 'step'
158,7.5,1.0,4,"OR_HIGH,OR_LOW",0.0,run_grid_search.<locals>.MockTrial.suggest_int() got an unexpected keyword argument 'step'
159,7.5,1.0,4,"SMA_200,SMA_400",0.0,run_grid_search.<locals>.MockTrial.suggest_int() got an unexpected keyword argument 'step'
160,7.5,1.0,4,"PM_HIGH,PM_LOW,OR_HIGH,OR_LOW",0.0,run_grid_search.<locals>.MockTrial.suggest_int() got an unexpected keyword argument 'step'
161,7.5,1.0,4,"PM_HIGH,PM_LOW,SMA_200,SMA_400",0.0,run_grid_search.<locals>.MockTrial.suggest_int() got an unexpected keyword argument 'step'
162,7.5,1.0,4,"PM_HIGH,PM_LOW,OR_HIGH,OR_LOW,SMA_200,SMA_400",0.0,run_grid_search.<locals>.MockTrial.suggest_int() got an unexpected keyword argument 'step'
163,7.5,2.0,2,"PM_HIGH,PM_LOW",0.0,run_grid_search.<locals>.MockTrial.suggest_int() got an unexpected keyword argument 'step'
164,7.5,2.0,2,"OR_HIGH,OR_LOW",0.0,run_grid_search.<locals>.MockTrial.suggest_int() got an unexpected keyword argument 'step'
165,7.5,2.0,2,"SMA_200,SMA_400",0.0,run_grid_search.<locals>.MockTrial.suggest_int() got an unexpected keyword argument 'step'
166,7.5,2.0,2,"PM_HIGH,PM_LOW,OR_HIGH,OR_LOW",0.0,run_grid_search.<locals>.MockTrial.suggest_int() got an unexpected keyword argument 'step'
167,7.5,2.0,2,"PM_HIGH,PM_LOW,SMA_200,SMA_400",0.0,run_grid_search.<locals>.MockTrial.suggest_int() got an unexpected keyword argument 'step'
168,7.5,2.0,2,"PM_HIGH,PM_LOW,OR_HIGH,OR_LOW,SMA_200,SMA_400",0.0,run_grid_search.<locals>.MockTrial.suggest_int() got an unexpected keyword argument 'step'
169,7.5,2.0,3,"PM_HIGH,PM_LOW",0.0,run_grid_search.<locals>.MockTrial.suggest_int() got an unexpected keyword argument 'step'
170,7.5,2.0,3,"OR_HIGH,OR_LOW",0.0,run_grid_search.<locals>.MockTrial.suggest_int() got an unexpected keyword argument 'step'
171,7.5,2.0,3,"SMA_200,SMA_400",0.0,run_grid_search.<locals>.MockTrial.suggest_int() got an unexpected keyword argument 'step'
172,7.5,2.0,3,"PM_HIGH,PM_LOW,OR_HIGH,OR_LOW",0.0,run_grid_search.<locals>.MockTrial.suggest_int() got an unexpected keyword argument 'step'
173,7.5,2.0,3,"PM_HIGH,PM_LOW,SMA_200,SMA_400",0.0,run_grid_search.<locals>.MockTrial.suggest_int() got an unexpected keyword argument 'step'
174,7.5,2.0,3,"PM_HIGH,PM_LOW,OR_HIGH,OR_LOW,SMA_200,SMA_400",0.0,run_grid_search.<locals>.MockTrial.suggest_int() got an unexpected keyword argument 'step'
175,7.5,2.0,4,"PM_HIGH,PM_LOW",0.0,run_grid_search.<locals>.MockTrial.suggest_int() got an unexpected keyword argument 'step'
176,7.5,2.0,4,"OR_HIGH,OR_LOW",0.0,run_grid_search.<locals>.MockTrial.suggest_int() got an unexpected keyword argument 'step'
177,7.5,2.0,4,"SMA_200,SMA_400",0.0,run_grid_search.<locals>.MockTrial.suggest_int() got an unexpected keyword argument 'step'
178,7.5,2.0,4,"PM_HIGH,PM_LOW,OR_HIGH,OR_LOW",0.0,run_grid_search.<locals>.MockTrial.suggest_int() got an unexpected keyword argument 'step'
179,7.5,2.0,4,"PM_HIGH,PM_LOW,SMA_200,SMA_400",0.0,run_grid_search.<locals>.MockTrial.suggest_int() got an unexpected keyword argument 'step'
180,7.5,2.0,4,"PM_HIGH,PM_LOW,OR_HIGH,OR_LOW,SMA_200,SMA_400",0.0,run_grid_search.<locals>.MockTrial.suggest_int() got an unexpected keyword argument 'step'
181,7.5,3.0,2,"PM_HIGH,PM_LOW",0.0,run_grid_search.<locals>.MockTrial.suggest_int() got an unexpected keyword argument 'step'
182,7.5,3.0,2,"OR_HIGH,OR_LOW",0.0,run_grid_search.<locals>.MockTrial.suggest_int() got an unexpected keyword argument 'step'
183,7.5,3.0,2,"SMA_200,SMA_400",0.0,run_grid_search.<locals>.MockTrial.suggest_int() got an unexpected keyword argument 'step'
184,7.5,3.0,2,"PM_HIGH,PM_LOW,OR_HIGH,OR_LOW",0.0,run_grid_search.<locals>.MockTrial.suggest_int() got an unexpected keyword argument 'step'
185,7.5,3.0,2,"PM_HIGH,PM_LOW,SMA_200,SMA_400",0.0,run_grid_search.<locals>.MockTrial.suggest_int() got an unexpected keyword argument 'step'
186,7.5,3.0,2,"PM_HIGH,PM_LOW,OR_HIGH,OR_LOW,SMA_200,SMA_400",0.0,run_grid_search.<locals>.MockTrial.suggest_int() got an unexpected keyword argument 'step'
187,7.5,3.0,3,"PM_HIGH,PM_LOW",0.0,run_grid_search.<locals>.MockTrial.suggest_int() got an unexpected keyword argument 'step'
188,7.5,3.0,3,"OR_HIGH,OR_LOW",0.0,run_grid_search.<locals>.MockTrial.suggest_int() got an unexpected keyword argument 'step'
189,7.5,3.0,3,"SMA_200,SMA_400",0.0,run_grid_search.<locals>.MockTrial.suggest_int() got an unexpected keyword argument 'step'
190,7.5,3.0,3,"PM_HIGH,PM_LOW,OR_HIGH,OR_LOW",0.0,run_grid_search.<locals>.MockTrial.suggest_int() got an unexpected keyword argument 'step'
191,7.5,3.0,3,"PM_HIGH,PM_LOW,SMA_200,SMA_400",0.0,run_grid_search.<locals>.MockTrial.suggest_int() got an unexpected keyword argument 'step'
192,7.5,3.0,3,"PM_HIGH,PM_LOW,OR_HIGH,OR_LOW,SMA_200,SMA_400",0.0,run_grid_search.<locals>.MockTrial.suggest_int() got an unexpected keyword argument 'step'
193,7.5,3.0,4,"PM_HIGH,PM_LOW",0.0,run_grid_search.<locals>.MockTrial.suggest_int() got an unexpected keyword argument 'step'
194,7.5,3.0,4,"OR_HIGH,OR_LOW",0.0,run_grid_search.<locals>.MockTrial.suggest_int() got an unexpected keyword argument 'step'
195,7.5,3.0,4,"SMA_200,SMA_400",0.0,run_grid_search.<locals>.MockTrial.suggest_int() got an unexpected keyword argument 'step'
196,7.5,3.0,4,"PM_HIGH,PM_LOW,OR_HIGH,OR_LOW",0.0,run_grid_search.<locals>.MockTrial.suggest_int() got an unexpected keyword argument 'step'
197,7.5,3.0,4,"PM_HIGH,PM_LOW,SMA_200,SMA_400",0.0,run_grid_search.<locals>.MockTrial.suggest_int() got an unexpected keyword argument 'step'
198,7.5,3.0,4,"PM_HIGH,PM_LOW,OR_HIGH,OR_LOW,SMA_200,SMA_400",0.0,run_grid_search.<locals>.MockTrial.suggest_int() got an unexpected keyword argument 'step'
199,7.5,5.0,2,"PM_HIGH,PM_LOW",0.0,run_grid_search.<locals>.MockTrial.suggest_int() got an unexpected keyword argument 'step'
200,7.5,5.0,2,"OR_HIGH,OR_LOW",0.0,run_grid_search.<locals>.MockTrial.suggest_int() got an unexpected keyword argument 'step'
201,7.5,5.0,2,"SMA_200,SMA_400",0.0,run_grid_search.<locals>.MockTrial.suggest_int() got an unexpected keyword argument 'step'
202,7.5,5.0,2,"PM_HIGH,PM_LOW,OR_HIGH,OR_LOW",0.0,run_grid_search.<locals>.MockTrial.suggest_int() got an unexpected keyword argument 'step'
203,7.5,5.0,2,"PM_HIGH,PM_LOW,SMA_200,SMA_400",0.0,run_grid_search.<locals>.MockTrial.suggest_int() got an unexpected keyword argument 'step'
204,7.5,5.0,2,"PM_HIGH,PM_LOW,OR_HIGH,OR_LOW,SMA_200,SMA_400",0.0,run_grid_search.<locals>.MockTrial.suggest_int() got an unexpected keyword argument 'step'
205,7.5,5.0,3,"PM_HIGH,PM_LOW",0.0,run_grid_search.<locals>.MockTrial.suggest_int() got an unexpected keyword argument 'step'
206,7.5,5.0,3,"OR_HIGH,OR_LOW",0.0,run_grid_search.<locals>.MockTrial.suggest_int() got an unexpected keyword argument 'step'
207,7.5,5.0,3,"SMA_200,SMA_400",0.0,run_grid_search.<locals>.MockTrial.suggest_int() got an unexpected keyword argument 'step'
208,7.5,5.0,3,"PM_HIGH,PM_LOW,OR_HIGH,OR_LOW",0.0,run_grid_search.<locals>.MockTrial.suggest_int() got an unexpected keyword argument 'step'
209,7.5,5.0,3,"PM_HIGH,PM_LOW,SMA_200,SMA_400",0.0,run_grid_search.<locals>.MockTrial.suggest_int() got an unexpected keyword argument 'step'
210,7.5,5.0,3,"PM_HIGH,PM_LOW,OR_HIGH,OR_LOW,SMA_200,SMA_400",0.0,run_grid_search.<locals>.MockTrial.suggest_int() got an unexpected keyword argument 'step'
211,7.5,5.0,4,"PM_HIGH,PM_LOW",0.0,run_grid_search.<locals>.MockTrial.suggest_int() got an unexpected keyword argument 'step'
212,7.5,5.0,4,"OR_HIGH,OR_LOW",0.0,run_grid_search.<locals>.MockTrial.suggest_int() got an unexpected keyword argument 'step'
213,7.5,5.0,4,"SMA_200,SMA_400",0.0,run_grid_search.<locals>.MockTrial.suggest_int() got an unexpected keyword argument 'step'
214,7.5,5.0,4,"PM_HIGH,PM_LOW,OR_HIGH,OR_LOW",0.0,run_grid_search.<locals>.MockTrial.suggest_int() got an unexpected keyword argument 'step'
215,7.5,5.0,4,"PM_HIGH,PM_LOW,SMA_200,SMA_400",0.0,run_grid_search.<locals>.MockTrial.suggest_int() got an unexpected keyword argument 'step'
216,7.5,5.0,4,"PM_HIGH,PM_LOW,OR_HIGH,OR_LOW,SMA_200,SMA_400",0.0,run_grid_search.<locals>.MockTrial.suggest_int() got an unexpected keyword argument 'step'
217,10.0,1.0,2,"PM_HIGH,PM_LOW",0.0,run_grid_search.<locals>.MockTrial.suggest_int() got an unexpected keyword argument 'step'
218,10.0,1.0,2,"OR_HIGH,OR_LOW",0.0,run_grid_search.<locals>.MockTrial.suggest_int() got an unexpected keyword argument 'step'
219,10.0,1.0,2,"SMA_200,SMA_400",0.0,run_grid_search.<locals>.MockTrial.suggest_int() got an unexpected keyword argument 'step'
220,10.0,1.0,2,"PM_HIGH,PM_LOW,OR_HIGH,OR_LOW",0.0,run_grid_search.<locals>.MockTrial.suggest_int() got an unexpected keyword argument 'step'
221,10.0,1.0,2,"PM_HIGH,PM_LOW,SMA_200,SMA_400",0.0,run_grid_search.<locals>.MockTrial.suggest_int() got an unexpected keyword argument 'step'
222,10.0,1.0,2,"PM_HIGH,PM_LOW,OR_HIGH,OR_LOW,SMA_200,SMA_400",0.0,run_grid_search.<locals>.MockTrial.suggest_int() got an unexpected keyword argument 'step'
223,10.0,1.0,3,"PM_HIGH,PM_LOW",0.0,run_grid_search.<locals>.MockTrial.suggest_int() got an unexpected keyword argument 'step'
224,10.0,1.0,3,"OR_HIGH,OR_LOW",0.0,run_grid_search.<locals>.MockTrial.suggest_int() got an unexpected keyword argument 'step'
225,10.0,1.0,3,"SMA_200,SMA_400",0.0,run_grid_search.<locals>.MockTrial.suggest_int() got an unexpected keyword argument 'step'
226,10.0,1.0,3,"PM_HIGH,PM_LOW,OR_HIGH,OR_LOW",0.0,run_grid_search.<locals>.MockTrial.suggest_int() got an unexpected keyword argument 'step'
227,10.0,1.0,3,"PM_HIGH,PM_LOW,SMA_200,SMA_400",0.0,run_grid_search.<locals>.MockTrial.suggest_int() got an unexpected keyword argument 'step'
228,10.0,1.0,3,"PM_HIGH,PM_LOW,OR_HIGH,OR_LOW,SMA_200,SMA_400",0.0,run_grid_search.<locals>.MockTrial.suggest_int() got an unexpected keyword argument 'step'
229,10.0,1.0,4,"PM_HIGH,PM_LOW",0.0,run_grid_search.<locals>.MockTrial.suggest_int() got an unexpected keyword argument 'step'
230,10.0,1.0,4,"OR_HIGH,OR_LOW",0.0,run_grid_search.<locals>.MockTrial.suggest_int() got an unexpected keyword argument 'step'
231,10.0,1.0,4,"SMA_200,SMA_400",0.0,run_grid_search.<locals>.MockTrial.suggest_int() got an unexpected keyword argument 'step'
232,10.0,1.0,4,"PM_HIGH,PM_LOW,OR_HIGH,OR_LOW",0.0,run_grid_search.<locals>.MockTrial.suggest_int() got an unexpected keyword argument 'step'
233,10.0,1.0,4,"PM_HIGH,PM_LOW,SMA_200,SMA_400",0.0,run_grid_search.<locals>.MockTrial.suggest_int() got an unexpected keyword argument 'step'
234,10.0,1.0,4,"PM_HIGH,PM_LOW,OR_HIGH,OR_LOW,SMA_200,SMA_400",0.0,run_grid_search.<locals>.MockTrial.suggest_int() got an unexpected keyword argument 'step'
235,10.0,2.0,2,"PM_HIGH,PM_LOW",0.0,run_grid_search.<locals>.MockTrial.suggest_int() got an unexpected keyword argument 'step'
236,10.0,2.0,2,"OR_HIGH,OR_LOW",0.0,run_grid_search.<locals>.MockTrial.suggest_int() got an unexpected keyword argument 'step'
237,10.0,2.0,2,"SMA_200,SMA_400",0.0,run_grid_search.<locals>.MockTrial.suggest_int() got an unexpected keyword argument 'step'
238,10.0,2.0,2,"PM_HIGH,PM_LOW,OR_HIGH,OR_LOW",0.0,run_grid_search.<locals>.MockTrial.suggest_int() got an unexpected keyword argument 'step'
239,10.0,2.0,2,"PM_HIGH,PM_LOW,SMA_200,SMA_400",0.0,run_grid_search.<locals>.MockTrial.suggest_int() got an unexpected keyword argument 'step'
240,10.0,2.0,2,"PM_HIGH,PM_LOW,OR_HIGH,OR_LOW,SMA_200,SMA_400",0.0,run_grid_search.<locals>.MockTrial.suggest_int() got an unexpected keyword argument 'step'
241,10.0,2.0,3,"PM_HIGH,PM_LOW",0.0,run_grid_search.<locals>.MockTrial.suggest_int() got an unexpected keyword argument 'step'
242,10.0,2.0,3,"OR_HIGH,OR_LOW",0.0,run_grid_search.<locals>.MockTrial.suggest_int() got an unexpected keyword argument 'step'
243,10.0,2.0,3,"SMA_200,SMA_400",0.0,run_grid_search.<locals>.MockTrial.suggest_int() got an unexpected keyword argument 'step'
244,10.0,2.0,3,"PM_HIGH,PM_LOW,OR_HIGH,OR_LOW",0.0,run_grid_search.<locals>.MockTrial.suggest_int() got an unexpected keyword argument 'step'
245,10.0,2.0,3,"PM_HIGH,PM_LOW,SMA_200,SMA_400",0.0,run_grid_search.<locals>.MockTrial.suggest_int() got an unexpected keyword argument 'step'
246,10.0,2.0,3,"PM_HIGH,PM_LOW,OR_HIGH,OR_LOW,SMA_200,SMA_400",0.0,run_grid_search.<locals>.MockTrial.suggest_int() got an unexpected keyword argument 'step'
247,10.0,2.0,4,"PM_HIGH,PM_LOW",0.0,run_grid_search.<locals>.MockTrial.suggest_int() got an unexpected keyword argument 'step'
248,10.0,2.0,4,"OR_HIGH,OR_LOW",0.0,run_grid_search.<locals>.MockTrial.suggest_int() got an unexpected keyword argument 'step'
249,10.0,2.0,4,"SMA_200,SMA_400",0.0,run_grid_search.<locals>.MockTrial.suggest_int() got an unexpected keyword argument 'step'
250,10.0,2.0,4,"PM_HIGH,PM_LOW,OR_HIGH,OR_LOW",0.0,run_grid_search.<locals>.MockTrial.suggest_int() got an unexpected keyword argument 'step'
251,10.0,2.0,4,"PM_HIGH,PM_LOW,SMA_200,SMA_400",0.0,run_grid_search.<locals>.MockTrial.suggest_int() got an unexpected keyword argument 'step'
252,10.0,2.0,4,"PM_HIGH,PM_LOW,OR_HIGH,OR_LOW,SMA_200,SMA_400",0.0,run_grid_search.<locals>.MockTrial.suggest_int() got an unexpected keyword argument 'step'
253,10.0,3.0,2,"PM_HIGH,PM_LOW",0.0,run_grid_search.<locals>.MockTrial.suggest_int() got an unexpected keyword argument 'step'
254,10.0,3.0,2,"OR_HIGH,OR_LOW",0.0,run_grid_search.<locals>.MockTrial.suggest_int() got an unexpected keyword argument 'step'
255,10.0,3.0,2,"SMA_200,SMA_400",0.0,run_grid_search.<locals>.MockTrial.suggest_int() got an unexpected keyword argument 'step'
256,10.0,3.0,2,"PM_HIGH,PM_LOW,OR_HIGH,OR_LOW",0.0,run_grid_search.<locals>.MockTrial.suggest_int() got an unexpected keyword argument 'step'
257,10.0,3.0,2,"PM_HIGH,PM_LOW,SMA_200,SMA_400",0.0,run_grid_search.<locals>.MockTrial.suggest_int() got an unexpected keyword argument 'step'
258,10.0,3.0,2,"PM_HIGH,PM_LOW,OR_HIGH,OR_LOW,SMA_200,SMA_400",0.0,run_grid_search.<locals>.MockTrial.suggest_int() got an unexpected keyword argument 'step'
259,10.0,3.0,3,"PM_HIGH,PM_LOW",0.0,run_grid_search.<locals>.MockTrial.suggest_int() got an unexpected keyword argument 'step'
260,10.0,3.0,3,"OR_HIGH,OR_LOW",0.0,run_grid_search.<locals>.MockTrial.suggest_int() got an unexpected keyword argument 'step'
261,10.0,3.0,3,"SMA_200,SMA_400",0.0,run_grid_search.<locals>.MockTrial.suggest_int() got an unexpected keyword argument 'step'
262,10.0,3.0,3,"PM_HIGH,PM_LOW,OR_HIGH,OR_LOW",0.0,run_grid_search.<locals>.MockTrial.suggest_int() got an unexpected keyword argument 'step'
263,10.0,3.0,3,"PM_HIGH,PM_LOW,SMA_200,SMA_400",0.0,run_grid_search.<locals>.MockTrial.suggest_int() got an unexpected keyword argument 'step'
264,10.0,3.0,3,"PM_HIGH,PM_LOW,OR_HIGH,OR_LOW,SMA_200,SMA_400",0.0,run_grid_search.<locals>.MockTrial.suggest_int() got an unexpected keyword argument 'step'
265,10.0,3.0,4,"PM_HIGH,PM_LOW",0.0,run_grid_search.<locals>.MockTrial.suggest_int() got an unexpected keyword argument 'step'
266,10.0,3.0,4,"OR_HIGH,OR_LOW",0.0,run_grid_search.<locals>.MockTrial.suggest_int() got an unexpected keyword argument 'step'
267,10.0,3.0,4,"SMA_200,SMA_400",0.0,run_grid_search.<locals>.MockTrial.suggest_int() got an unexpected keyword argument 'step'
268,10.0,3.0,4,"PM_HIGH,PM_LOW,OR_HIGH,OR_LOW",0.0,run_grid_search.<locals>.MockTrial.suggest_int() got an unexpected keyword argument 'step'
269,10.0,3.0,4,"PM_HIGH,PM_LOW,SMA_200,SMA_400",0.0,run_grid_search.<locals>.MockTrial.suggest_int() got an unexpected keyword argument 'step'
270,10.0,3.0,4,"PM_HIGH,PM_LOW,OR_HIGH,OR_LOW,SMA_200,SMA_400",0.0,run_grid_search.<locals>.MockTrial.suggest_int() got an unexpected keyword argument 'step'
271,10.0,5.0,2,"PM_HIGH,PM_LOW",0.0,run_grid_search.<locals>.MockTrial.suggest_int() got an unexpected keyword argument 'step'
272,10.0,5.0,2,"OR_HIGH,OR_LOW",0.0,run_grid_search.<locals>.MockTrial.suggest_int() got an unexpected keyword argument 'step'
273,10.0,5.0,2,"SMA_200,SMA_400",0.0,run_grid_search.<locals>.MockTrial.suggest_int() got an unexpected keyword argument 'step'
274,10.0,5.0,2,"PM_HIGH,PM_LOW,OR_HIGH,OR_LOW",0.0,run_grid_search.<locals>.MockTrial.suggest_int() got an unexpected keyword argument 'step'
275,10.0,5.0,2,"PM_HIGH,PM_LOW,SMA_200,SMA_400",0.0,run_grid_search.<locals>.MockTrial.suggest_int() got an unexpected keyword argument 'step'
276,10.0,5.0,2,"PM_HIGH,PM_LOW,OR_HIGH,OR_LOW,SMA_200,SMA_400",0.0,run_grid_search.<locals>.MockTrial.suggest_int() got an unexpected keyword argument 'step'
277,10.0,5.0,3,"PM_HIGH,PM_LOW",0.0,run_grid_search.<locals>.MockTrial.suggest_int() got an unexpected keyword argument 'step'
278,10.0,5.0,3,"OR_HIGH,OR_LOW",0.0,run_grid_search.<locals>.MockTrial.suggest_int() got an unexpected keyword argument 'step'
279,10.0,5.0,3,"SMA_200,SMA_400",0.0,run_grid_search.<locals>.MockTrial.suggest_int() got an unexpected keyword argument 'step'
280,10.0,5.0,3,"PM_HIGH,PM_LOW,OR_HIGH,OR_LOW",0.0,run_grid_search.<locals>.MockTrial.suggest_int() got an unexpected keyword argument 'step'
281,10.0,5.0,3,"PM_HIGH,PM_LOW,SMA_200,SMA_400",0.0,run_grid_search.<locals>.MockTrial.suggest_int() got an unexpected keyword argument 'step'
282,10.0,5.0,3,"PM_HIGH,PM_LOW,OR_HIGH,OR_LOW,SMA_200,SMA_400",0.0,run_grid_search.<locals>.MockTrial.suggest_int() got an unexpected keyword argument 'step'
283,10.0,5.0,4,"PM_HIGH,PM_LOW",0.0,run_grid_search.<locals>.MockTrial.suggest_int() got an unexpected keyword argument 'step'
284,10.0,5.0,4,"OR_HIGH,OR_LOW",0.0,run_grid_search.<locals>.MockTrial.suggest_int() got an unexpected keyword argument 'step'
285,10.0,5.0,4,"SMA_200,SMA_400",0.0,run_grid_search.<locals>.MockTrial.suggest_int() got an unexpected keyword argument 'step'
286,10.0,5.0,4,"PM_HIGH,PM_LOW,OR_HIGH,OR_LOW",0.0,run_grid_search.<locals>.MockTrial.suggest_int() got an unexpected keyword argument 'step'
287,10.0,5.0,4,"PM_HIGH,PM_LOW,SMA_200,SMA_400",0.0,run_grid_search.<locals>.MockTrial.suggest_int() got an unexpected keyword argument 'step'
288,10.0,5.0,4,"PM_HIGH,PM_LOW,OR_HIGH,OR_LOW,SMA_200,SMA_400",0.0,run_grid_search.<locals>.MockTrial.suggest_int() got an unexpected keyword argument 'step'
289,12.5,1.0,2,"PM_HIGH,PM_LOW",0.0,run_grid_search.<locals>.MockTrial.suggest_int() got an unexpected keyword argument 'step'
290,12.5,1.0,2,"OR_HIGH,OR_LOW",0.0,run_grid_search.<locals>.MockTrial.suggest_int() got an unexpected keyword argument 'step'
291,12.5,1.0,2,"SMA_200,SMA_400",0.0,run_grid_search.<locals>.MockTrial.suggest_int() got an unexpected keyword argument 'step'
292,12.5,1.0,2,"PM_HIGH,PM_LOW,OR_HIGH,OR_LOW",0.0,run_grid_search.<locals>.MockTrial.suggest_int() got an unexpected keyword argument 'step'
293,12.5,1.0,2,"PM_HIGH,PM_LOW,SMA_200,SMA_400",0.0,run_grid_search.<locals>.MockTrial.suggest_int() got an unexpected keyword argument 'step'
294,12.5,1.0,2,"PM_HIGH,PM_LOW,OR_HIGH,OR_LOW,SMA_200,SMA_400",0.0,run_grid_search.<locals>.MockTrial.suggest_int() got an unexpected keyword argument 'step'
295,12.5,1.0,3,"PM_HIGH,PM_LOW",0.0,run_grid_search.<locals>.MockTrial.suggest_int() got an unexpected keyword argument 'step'
296,12.5,1.0,3,"OR_HIGH,OR_LOW",0.0,run_grid_search.<locals>.MockTrial.suggest_int() got an unexpected keyword argument 'step'
297,12.5,1.0,3,"SMA_200,SMA_400",0.0,run_grid_search.<locals>.MockTrial.suggest_int() got an unexpected keyword argument 'step'
298,12.5,1.0,3,"PM_HIGH,PM_LOW,OR_HIGH,OR_LOW",0.0,run_grid_search.<locals>.MockTrial.suggest_int() got an unexpected keyword argument 'step'
299,12.5,1.0,3,"PM_HIGH,PM_LOW,SMA_200,SMA_400",0.0,run_grid_search.<locals>.MockTrial.suggest_int() got an unexpected keyword argument 'step'
300,12.5,1.0,3,"PM_HIGH,PM_LOW,OR_HIGH,OR_LOW,SMA_200,SMA_400",0.0,run_grid_search.<locals>.MockTrial.suggest_int() got an unexpected keyword argument 'step'
301,12.5,1.0,4,"PM_HIGH,PM_LOW",0.0,run_grid_search.<locals>.MockTrial.suggest_int() got an unexpected keyword argument 'step'
302,12.5,1.0,4,"OR_HIGH,OR_LOW",0.0,run_grid_search.<locals>.MockTrial.suggest_int() got an unexpected keyword argument 'step'
303,12.5,1.0,4,"SMA_200,SMA_400",0.0,run_grid_search.<locals>.MockTrial.suggest_int() got an unexpected keyword argument 'step'
304,12.5,1.0,4,"PM_HIGH,PM_LOW,OR_HIGH,OR_LOW",0.0,run_grid_search.<locals>.MockTrial.suggest_int() got an unexpected keyword argument 'step'
305,12.5,1.0,4,"PM_HIGH,PM_LOW,SMA_200,SMA_400",0.0,run_grid_search.<locals>.MockTrial.suggest_int() got an unexpected keyword argument 'step'
306,12.5,1.0,4,"PM_HIGH,PM_LOW,OR_HIGH,OR_LOW,SMA_200,SMA_400",0.0,run_grid_search.<locals>.MockTrial.suggest_int() got an unexpected keyword argument 'step'
307,12.5,2.0,2,"PM_HIGH,PM_LOW",0.0,run_grid_search.<locals>.MockTrial.suggest_int() got an unexpected keyword argument 'step'
308,12.5,2.0,2,"OR_HIGH,OR_LOW",0.0,run_grid_search.<locals>.MockTrial.suggest_int() got an unexpected keyword argument 'step'
309,12.5,2.0,2,"SMA_200,SMA_400",0.0,run_grid_search.<locals>.MockTrial.suggest_int() got an unexpected keyword argument 'step'
310,12.5,2.0,2,"PM_HIGH,PM_LOW,OR_HIGH,OR_LOW",0.0,run_grid_search.<locals>.MockTrial.suggest_int() got an unexpected keyword argument 'step'
311,12.5,2.0,2,"PM_HIGH,PM_LOW,SMA_200,SMA_400",0.0,run_grid_search.<locals>.MockTrial.suggest_int() got an unexpected keyword argument 'step'
312,12.5,2.0,2,"PM_HIGH,PM_LOW,OR_HIGH,OR_LOW,SMA_200,SMA_400",0.0,run_grid_search.<locals>.MockTrial.suggest_int() got an unexpected keyword argument 'step'
313,12.5,2.0,3,"PM_HIGH,PM_LOW",0.0,run_grid_search.<locals>.MockTrial.suggest_int() got an unexpected keyword argument 'step'
314,12.5,2.0,3,"OR_HIGH,OR_LOW",0.0,run_grid_search.<locals>.MockTrial.suggest_int() got an unexpected keyword argument 'step'
315,12.5,2.0,3,"SMA_200,SMA_400",0.0,run_grid_search.<locals>.MockTrial.suggest_int() got an unexpected keyword argument 'step'
316,12.5,2.0,3,"PM_HIGH,PM_LOW,OR_HIGH,OR_LOW",0.0,run_grid_search.<locals>.MockTrial.suggest_int() got an unexpected keyword argument 'step'
317,12.5,2.0,3,"PM_HIGH,PM_LOW,SMA_200,SMA_400",0.0,run_grid_search.<locals>.MockTrial.suggest_int() got an unexpected keyword argument 'step'
318,12.5,2.0,3,"PM_HIGH,PM_LOW,OR_HIGH,OR_LOW,SMA_200,SMA_400",0.0,run_grid_search.<locals>.MockTrial.suggest_int() got an unexpected keyword argument 'step'
319,12.5,2.0,4,"PM_HIGH,PM_LOW",0.0,run_grid_search.<locals>.MockTrial.suggest_int() got an unexpected keyword argument 'step'
320,12.5,2.0,4,"OR_HIGH,OR_LOW",0.0,run_grid_search.<locals>.MockTrial.suggest_int() got an unexpected keyword argument 'step'
321,12.5,2.0,4,"SMA_200,SMA_400",0.0,run_grid_search.<locals>.MockTrial.suggest_int() got an unexpected keyword argument 'step'
322,12.5,2.0,4,"PM_HIGH,PM_LOW,OR_HIGH,OR_LOW",0.0,run_grid_search.<locals>.MockTrial.suggest_int() got an unexpected keyword argument 'step'
323,12.5,2.0,4,"PM_HIGH,PM_LOW,SMA_200,SMA_400",0.0,run_grid_search.<locals>.MockTrial.suggest_int() got an unexpected keyword argument 'step'
324,12.5,2.0,4,"PM_HIGH,PM_LOW,OR_HIGH,OR_LOW,SMA_200,SMA_400",0.0,run_grid_search.<locals>.MockTrial.suggest_int() got an unexpected keyword argument 'step'
325,12.5,3.0,2,"PM_HIGH,PM_LOW",0.0,run_grid_search.<locals>.MockTrial.suggest_int() got an unexpected keyword argument 'step'
326,12.5,3.0,2,"OR_HIGH,OR_LOW",0.0,run_grid_search.<locals>.MockTrial.suggest_int() got an unexpected keyword argument 'step'
327,12.5,3.0,2,"SMA_200,SMA_400",0.0,run_grid_search.<locals>.MockTrial.suggest_int() got an unexpected keyword argument 'step'
328,12.5,3.0,2,"PM_HIGH,PM_LOW,OR_HIGH,OR_LOW",0.0,run_grid_search.<locals>.MockTrial.suggest_int() got an unexpected keyword argument 'step'
329,12.5,3.0,2,"PM_HIGH,PM_LOW,SMA_200,SMA_400",0.0,run_grid_search.<locals>.MockTrial.suggest_int() got an unexpected keyword argument 'step'
330,12.5,3.0,2,"PM_HIGH,PM_LOW,OR_HIGH,OR_LOW,SMA_200,SMA_400",0.0,run_grid_search.<locals>.MockTrial.suggest_int() got an unexpected keyword argument 'step'
331,12.5,3.0,3,"PM_HIGH,PM_LOW",0.0,run_grid_search.<locals>.MockTrial.suggest_int() got an unexpected keyword argument 'step'
332,12.5,3.0,3,"OR_HIGH,OR_LOW",0.0,run_grid_search.<locals>.MockTrial.suggest_int() got an unexpected keyword argument 'step'
333,12.5,3.0,3,"SMA_200,SMA_400",0.0,run_grid_search.<locals>.MockTrial.suggest_int() got an unexpected keyword argument 'step'
334,12.5,3.0,3,"PM_HIGH,PM_LOW,OR_HIGH,OR_LOW",0.0,run_grid_search.<locals>.MockTrial.suggest_int() got an unexpected keyword argument 'step'
335,12.5,3.0,3,"PM_HIGH,PM_LOW,SMA_200,SMA_400",0.0,run_grid_search.<locals>.MockTrial.suggest_int() got an unexpected keyword argument 'step'
336,12.5,3.0,3,"PM_HIGH,PM_LOW,OR_HIGH,OR_LOW,SMA_200,SMA_400",0.0,run_grid_search.<locals>.MockTrial.suggest_int() got an unexpected keyword argument 'step'
337,12.5,3.0,4,"PM_HIGH,PM_LOW",0.0,run_grid_search.<locals>.MockTrial.suggest_int() got an unexpected keyword argument 'step'
338,12.5,3.0,4,"OR_HIGH,OR_LOW",0.0,run_grid_search.<locals>.MockTrial.suggest_int() got an unexpected keyword argument 'step'
339,12.5,3.0,4,"SMA_200,SMA_400",0.0,run_grid_search.<locals>.MockTrial.suggest_int() got an unexpected keyword argument 'step'
340,12.5,3.0,4,"PM_HIGH,PM_LOW,OR_HIGH,OR_LOW",0.0,run_grid_search.<locals>.MockTrial.suggest_int() got an unexpected keyword argument 'step'
341,12.5,3.0,4,"PM_HIGH,PM_LOW,SMA_200,SMA_400",0.0,run_grid_search.<locals>.MockTrial.suggest_int() got an unexpected keyword argument 'step'
342,12.5,3.0,4,"PM_HIGH,PM_LOW,OR_HIGH,OR_LOW,SMA_200,SMA_400",0.0,run_grid_search.<locals>.MockTrial.suggest_int() got an unexpected keyword argument 'step'
343,12.5,5.0,2,"PM_HIGH,PM_LOW",0.0,run_grid_search.<locals>.MockTrial.suggest_int() got an unexpected keyword argument 'step'
344,12.5,5.0,2,"OR_HIGH,OR_LOW",0.0,run_grid_search.<locals>.MockTrial.suggest_int() got an unexpected keyword argument 'step'
345,12.5,5.0,2,"SMA_200,SMA_400",0.0,run_grid_search.<locals>.MockTrial.suggest_int() got an unexpected keyword argument 'step'
346,12.5,5.0,2,"PM_HIGH,PM_LOW,OR_HIGH,OR_LOW",0.0,run_grid_search.<locals>.MockTrial.suggest_int() got an unexpected keyword argument 'step'
347,12.5,5.0,2,"PM_HIGH,PM_LOW,SMA_200,SMA_400",0.0,run_grid_search.<locals>.MockTrial.suggest_int() got an unexpected keyword argument 'step'
348,12.5,5.0,2,"PM_HIGH,PM_LOW,OR_HIGH,OR_LOW,SMA_200,SMA_400",0.0,run_grid_search.<locals>.MockTrial.suggest_int() got an unexpected keyword argument 'step'
349,12.5,5.0,3,"PM_HIGH,PM_LOW",0.0,run_grid_search.<locals>.MockTrial.suggest_int() got an unexpected keyword argument 'step'
350,12.5,5.0,3,"OR_HIGH,OR_LOW",0.0,run_grid_search.<locals>.MockTrial.suggest_int() got an unexpected keyword argument 'step'
351,12.5,5.0,3,"SMA_200,SMA_400",0.0,run_grid_search.<locals>.MockTrial.suggest_int() got an unexpected keyword argument 'step'
352,12.5,5.0,3,"PM_HIGH,PM_LOW,OR_HIGH,OR_LOW",0.0,run_grid_search.<locals>.MockTrial.suggest_int() got an unexpected keyword argument 'step'
353,12.5,5.0,3,"PM_HIGH,PM_LOW,SMA_200,SMA_400",0.0,run_grid_search.<locals>.MockTrial.suggest_int() got an unexpected keyword argument 'step'
354,12.5,5.0,3,"PM_HIGH,PM_LOW,OR_HIGH,OR_LOW,SMA_200,SMA_400",0.0,run_grid_search.<locals>.MockTrial.suggest_int() got an unexpected keyword argument 'step'
355,12.5,5.0,4,"PM_HIGH,PM_LOW",0.0,run_grid_search.<locals>.MockTrial.suggest_int() got an unexpected keyword argument 'step'
356,12.5,5.0,4,"OR_HIGH,OR_LOW",0.0,run_grid_search.<locals>.MockTrial.suggest_int() got an unexpected keyword argument 'step'
357,12.5,5.0,4,"SMA_200,SMA_400",0.0,run_grid_search.<locals>.MockTrial.suggest_int() got an unexpected keyword argument 'step'
358,12.5,5.0,4,"PM_HIGH,PM_LOW,OR_HIGH,OR_LOW",0.0,run_grid_search.<locals>.MockTrial.suggest_int() got an unexpected keyword argument 'step'
359,12.5,5.0,4,"PM_HIGH,PM_LOW,SMA_200,SMA_400",0.0,run_grid_search.<locals>.MockTrial.suggest_int() got an unexpected keyword argument 'step'
360,12.5,5.0,4,"PM_HIGH,PM_LOW,OR_HIGH,OR_LOW,SMA_200,SMA_400",0.0,run_grid_search.<locals>.MockTrial.suggest_int() got an unexpected keyword argument 'step'
361,15.0,1.0,2,"PM_HIGH,PM_LOW",0.0,run_grid_search.<locals>.MockTrial.suggest_int() got an unexpected keyword argument 'step'
362,15.0,1.0,2,"OR_HIGH,OR_LOW",0.0,run_grid_search.<locals>.MockTrial.suggest_int() got an unexpected keyword argument 'step'
363,15.0,1.0,2,"SMA_200,SMA_400",0.0,run_grid_search.<locals>.MockTrial.suggest_int() got an unexpected keyword argument 'step'
364,15.0,1.0,2,"PM_HIGH,PM_LOW,OR_HIGH,OR_LOW",0.0,run_grid_search.<locals>.MockTrial.suggest_int() got an unexpected keyword argument 'step'
365,15.0,1.0,2,"PM_HIGH,PM_LOW,SMA_200,SMA_400",0.0,run_grid_search.<locals>.MockTrial.suggest_int() got an unexpected keyword argument 'step'
366,15.0,1.0,2,"PM_HIGH,PM_LOW,OR_HIGH,OR_LOW,SMA_200,SMA_400",0.0,run_grid_search.<locals>.MockTrial.suggest_int() got an unexpected keyword argument 'step'
367,15.0,1.0,3,"PM_HIGH,PM_LOW",0.0,run_grid_search.<locals>.MockTrial.suggest_int() got an unexpected keyword argument 'step'
368,15.0,1.0,3,"OR_HIGH,OR_LOW",0.0,run_grid_search.<locals>.MockTrial.suggest_int() got an unexpected keyword argument 'step'
369,15.0,1.0,3,"SMA_200,SMA_400",0.0,run_grid_search.<locals>.MockTrial.suggest_int() got an unexpected keyword argument 'step'
370,15.0,1.0,3,"PM_HIGH,PM_LOW,OR_HIGH,OR_LOW",0.0,run_grid_search.<locals>.MockTrial.suggest_int() got an unexpected keyword argument 'step'
371,15.0,1.0,3,"PM_HIGH,PM_LOW,SMA_200,SMA_400",0.0,run_grid_search.<locals>.MockTrial.suggest_int() got an unexpected keyword argument 'step'
372,15.0,1.0,3,"PM_HIGH,PM_LOW,OR_HIGH,OR_LOW,SMA_200,SMA_400",0.0,run_grid_search.<locals>.MockTrial.suggest_int() got an unexpected keyword argument 'step'
373,15.0,1.0,4,"PM_HIGH,PM_LOW",0.0,run_grid_search.<locals>.MockTrial.suggest_int() got an unexpected keyword argument 'step'
374,15.0,1.0,4,"OR_HIGH,OR_LOW",0.0,run_grid_search.<locals>.MockTrial.suggest_int() got an unexpected keyword argument 'step'
375,15.0,1.0,4,"SMA_200,SMA_400",0.0,run_grid_search.<locals>.MockTrial.suggest_int() got an unexpected keyword argument 'step'
376,15.0,1.0,4,"PM_HIGH,PM_LOW,OR_HIGH,OR_LOW",0.0,run_grid_search.<locals>.MockTrial.suggest_int() got an unexpected keyword argument 'step'
377,15.0,1.0,4,"PM_HIGH,PM_LOW,SMA_200,SMA_400",0.0,run_grid_search.<locals>.MockTrial.suggest_int() got an unexpected keyword argument 'step'
378,15.0,1.0,4,"PM_HIGH,PM_LOW,OR_HIGH,OR_LOW,SMA_200,SMA_400",0.0,run_grid_search.<locals>.MockTrial.suggest_int() got an unexpected keyword argument 'step'
379,15.0,2.0,2,"PM_HIGH,PM_LOW",0.0,run_grid_search.<locals>.MockTrial.suggest_int() got an unexpected keyword argument 'step'
380,15.0,2.0,2,"OR_HIGH,OR_LOW",0.0,run_grid_search.<locals>.MockTrial.suggest_int() got an unexpected keyword argument 'step'
381,15.0,2.0,2,"SMA_200,SMA_400",0.0,run_grid_search.<locals>.MockTrial.suggest_int() got an unexpected keyword argument 'step'
382,15.0,2.0,2,"PM_HIGH,PM_LOW,OR_HIGH,OR_LOW",0.0,run_grid_search.<locals>.MockTrial.suggest_int() got an unexpected keyword argument 'step'
383,15.0,2.0,2,"PM_HIGH,PM_LOW,SMA_200,SMA_400",0.0,run_grid_search.<locals>.MockTrial.suggest_int() got an unexpected keyword argument 'step'
384,15.0,2.0,2,"PM_HIGH,PM_LOW,OR_HIGH,OR_LOW,SMA_200,SMA_400",0.0,run_grid_search.<locals>.MockTrial.suggest_int() got an unexpected keyword argument 'step'
385,15.0,2.0,3,"PM_HIGH,PM_LOW",0.0,run_grid_search.<locals>.MockTrial.suggest_int() got an unexpected keyword argument 'step'
386,15.0,2.0,3,"OR_HIGH,OR_LOW",0.0,run_grid_search.<locals>.MockTrial.suggest_int() got an unexpected keyword argument 'step'
387,15.0,2.0,3,"SMA_200,SMA_400",0.0,run_grid_search.<locals>.MockTrial.suggest_int() got an unexpected keyword argument 'step'
388,15.0,2.0,3,"PM_HIGH,PM_LOW,OR_HIGH,OR_LOW",0.0,run_grid_search.<locals>.MockTrial.suggest_int() got an unexpected keyword argument 'step'
389,15.0,2.0,3,"PM_HIGH,PM_LOW,SMA_200,SMA_400",0.0,run_grid_search.<locals>.MockTrial.suggest_int() got an unexpected keyword argument 'step'
390,15.0,2.0,3,"PM_HIGH,PM_LOW,OR_HIGH,OR_LOW,SMA_200,SMA_400",0.0,run_grid_search.<locals>.MockTrial.suggest_int() got an unexpected keyword argument 'step'
391,15.0,2.0,4,"PM_HIGH,PM_LOW",0.0,run_grid_search.<locals>.MockTrial.suggest_int() got an unexpected keyword argument 'step'
392,15.0,2.0,4,"OR_HIGH,OR_LOW",0.0,run_grid_search.<locals>.MockTrial.suggest_int() got an unexpected keyword argument 'step'
393,15.0,2.0,4,"SMA_200,SMA_400",0.0,run_grid_search.<locals>.MockTrial.suggest_int() got an unexpected keyword argument 'step'
394,15.0,2.0,4,"PM_HIGH,PM_LOW,OR_HIGH,OR_LOW",0.0,run_grid_search.<locals>.MockTrial.suggest_int() got an unexpected keyword argument 'step'
395,15.0,2.0,4,"PM_HIGH,PM_LOW,SMA_200,SMA_400",0.0,run_grid_search.<locals>.MockTrial.suggest_int() got an unexpected keyword argument 'step'
396,15.0,2.0,4,"PM_HIGH,PM_LOW,OR_HIGH,OR_LOW,SMA_200,SMA_400",0.0,run_grid_search.<locals>.MockTrial.suggest_int() got an unexpected keyword argument 'step'
397,15.0,3.0,2,"PM_HIGH,PM_LOW",0.0,run_grid_search.<locals>.MockTrial.suggest_int() got an unexpected keyword argument 'step'
398,15.0,3.0,2,"OR_HIGH,OR_LOW",0.0,run_grid_search.<locals>.MockTrial.suggest_int() got an unexpected keyword argument 'step'
399,15.0,3.0,2,"SMA_200,SMA_400",0.0,run_grid_search.<locals>.MockTrial.suggest_int() got an unexpected keyword argument 'step'
400,15.0,3.0,2,"PM_HIGH,PM_LOW,OR_HIGH,OR_LOW",0.0,run_grid_search.<locals>.MockTrial.suggest_int() got an unexpected keyword argument 'step'
401,15.0,3.0,2,"PM_HIGH,PM_LOW,SMA_200,SMA_400",0.0,run_grid_search.<locals>.MockTrial.suggest_int() got an unexpected keyword argument 'step'
402,15.0,3.0,2,"PM_HIGH,PM_LOW,OR_HIGH,OR_LOW,SMA_200,SMA_400",0.0,run_grid_search.<locals>.MockTrial.suggest_int() got an unexpected keyword argument 'step'
403,15.0,3.0,3,"PM_HIGH,PM_LOW",0.0,run_grid_search.<locals>.MockTrial.suggest_int() got an unexpected keyword argument 'step'
404,15.0,3.0,3,"OR_HIGH,OR_LOW",0.0,run_grid_search.<locals>.MockTrial.suggest_int() got an unexpected keyword argument 'step'
405,15.0,3.0,3,"SMA_200,SMA_400",0.0,run_grid_search.<locals>.MockTrial.suggest_int() got an unexpected keyword argument 'step'
406,15.0,3.0,3,"PM_HIGH,PM_LOW,OR_HIGH,OR_LOW",0.0,run_grid_search.<locals>.MockTrial.suggest_int() got an unexpected keyword argument 'step'
407,15.0,3.0,3,"PM_HIGH,PM_LOW,SMA_200,SMA_400",0.0,run_grid_search.<locals>.MockTrial.suggest_int() got an unexpected keyword argument 'step'
408,15.0,3.0,3,"PM_HIGH,PM_LOW,OR_HIGH,OR_LOW,SMA_200,SMA_400",0.0,run_grid_search.<locals>.MockTrial.suggest_int() got an unexpected keyword argument 'step'
409,15.0,3.0,4,"PM_HIGH,PM_LOW",0.0,run_grid_search.<locals>.MockTrial.suggest_int() got an unexpected keyword argument 'step'
410,15.0,3.0,4,"OR_HIGH,OR_LOW",0.0,run_grid_search.<locals>.MockTrial.suggest_int() got an unexpected keyword argument 'step'
411,15.0,3.0,4,"SMA_200,SMA_400",0.0,run_grid_search.<locals>.MockTrial.suggest_int() got an unexpected keyword argument 'step'
412,15.0,3.0,4,"PM_HIGH,PM_LOW,OR_HIGH,OR_LOW",0.0,run_grid_search.<locals>.MockTrial.suggest_int() got an unexpected keyword argument 'step'
413,15.0,3.0,4,"PM_HIGH,PM_LOW,SMA_200,SMA_400",0.0,run_grid_search.<locals>.MockTrial.suggest_int() got an unexpected keyword argument 'step'
414,15.0,3.0,4,"PM_HIGH,PM_LOW,OR_HIGH,OR_LOW,SMA_200,SMA_400",0.0,run_grid_search.<locals>.MockTrial.suggest_int() got an unexpected keyword argument 'step'
415,15.0,5.0,2,"PM_HIGH,PM_LOW",0.0,run_grid_search.<locals>.MockTrial.suggest_int() got an unexpected keyword argument 'step'
416,15.0,5.0,2,"OR_HIGH,OR_LOW",0.0,run_grid_search.<locals>.MockTrial.suggest_int() got an unexpected keyword argument 'step'
417,15.0,5.0,2,"SMA_200,SMA_400",0.0,run_grid_search.<locals>.MockTrial.suggest_int() got an unexpected keyword argument 'step'
418,15.0,5.0,2,"PM_HIGH,PM_LOW,OR_HIGH,OR_LOW",0.0,run_grid_search.<locals>.MockTrial.suggest_int() got an unexpected keyword argument 'step'
419,15.0,5.0,2,"PM_HIGH,PM_LOW,SMA_200,SMA_400",0.0,run_grid_search.<locals>.MockTrial.suggest_int() got an unexpected keyword argument 'step'
420,15.0,5.0,2,"PM_HIGH,PM_LOW,OR_HIGH,OR_LOW,SMA_200,SMA_400",0.0,run_grid_search.<locals>.MockTrial.suggest_int() got an unexpected keyword argument 'step'
421,15.0,5.0,3,"PM_HIGH,PM_LOW",0.0,run_grid_search.<locals>.MockTrial.suggest_int() got an unexpected keyword argument 'step'
422,15.0,5.0,3,"OR_HIGH,OR_LOW",0.0,run_grid_search.<locals>.MockTrial.suggest_int() got an unexpected keyword argument 'step'
423,15.0,5.0,3,"SMA_200,SMA_400",0.0,run_grid_search.<locals>.MockTrial.suggest_int() got an unexpected keyword argument 'step'
424,15.0,5.0,3,"PM_HIGH,PM_LOW,OR_HIGH,OR_LOW",0.0,run_grid_search.<locals>.MockTrial.suggest_int() got an unexpected keyword argument 'step'
425,15.0,5.0,3,"PM_HIGH,PM_LOW,SMA_200,SMA_400",0.0,run_grid_search.<locals>.MockTrial.suggest_int() got an unexpected keyword argument 'step'
426,15.0,5.0,3,"PM_HIGH,PM_LOW,OR_HIGH,OR_LOW,SMA_200,SMA_400",0.0,run_grid_search.<locals>.MockTrial.suggest_int() got an unexpected keyword argument 'step'
427,15.0,5.0,4,"PM_HIGH,PM_LOW",0.0,run_grid_search.<locals>.MockTrial.suggest_int() got an unexpected keyword argument 'step'
428,15.0,5.0,4,"OR_HIGH,OR_LOW",0.0,run_grid_search.<locals>.MockTrial.suggest_int() got an unexpected keyword argument 'step'
429,15.0,5.0,4,"SMA_200,SMA_400",0.0,run_grid_search.<locals>.MockTrial.suggest_int() got an unexpected keyword argument 'step'
430,15.0,5.0,4,"PM_HIGH,PM_LOW,OR_HIGH,OR_LOW",0.0,run_grid_search.<locals>.MockTrial.suggest_int() got an unexpected keyword argument 'step'
431,15.0,5.0,4,"PM_HIGH,PM_LOW,SMA_200,SMA_400",0.0,run_grid_search.<locals>.MockTrial.suggest_int() got an unexpected keyword argument 'step'
432,15.0,5.0,4,"PM_HIGH,PM_LOW,OR_HIGH,OR_LOW,SMA_200,SMA_400",0.0,run_grid_search.<locals>.MockTrial.suggest_int() got an unexpected keyword argument 'step'
